year,jurisdiction,status,reported_fires,affected_ha
2018,Buenos Aires,no_auditado,,
2018,Catamarca,no_auditado,,
2018,Chaco,no_auditado,,
2018,Chubut,no_auditado,,
2018,Ciudad Autónoma de Buenos Aires,no_auditado,,
2018,Córdoba,no_auditado,,
2018,Corrientes,no_auditado,,
2018,Entre Ríos,no_auditado,,
2018,Formosa,no_auditado,,
2018,Jujuy,no_auditado,,
2018,La Pampa,no_auditado,,
2018,La Rioja,no_auditado,,
2018,Mendoza,no_auditado,,
2018,Misiones,no_auditado,,
2018,Neuquén,no_auditado,,
2018,Río Negro,no_auditado,,
2018,Salta,no_auditado,,
2018,San Juan,no_auditado,,
2018,San Luis,no_auditado,,
2018,Santa Cruz,no_auditado,,
2018,Santa Fe,no_auditado,,
2018,Santiago del Estero,no_auditado,,
2018,Tierra del Fuego,no_auditado,,
2018,Tucumán,no_auditado,,
2018,Parques Nacionales,no_auditado,,
2019,Buenos Aires,no_auditado,,
2019,Catamarca,no_auditado,,
2019,Chaco,no_auditado,,
2019,Chubut,no_auditado,,
2019,Ciudad Autónoma de Buenos Aires,no_auditado,,
2019,Córdoba,no_auditado,,
2019,Corrientes,no_auditado,,
2019,Entre Ríos,no_auditado,,
2019,Formosa,no_auditado,,
2019,Jujuy,no_auditado,,
2019,La Pampa,no_auditado,,
2019,La Rioja,no_auditado,,
2019,Mendoza,no_auditado,,
2019,Misiones,no_auditado,,
2019,Neuquén,no_auditado,,
2019,Río Negro,no_auditado,,
2019,Salta,no_auditado,,
2019,San Juan,no_auditado,,
2019,San Luis,no_auditado,,
2019,Santa Cruz,no_auditado,,
2019,Santa Fe,no_auditado,,
2019,Santiago del Estero,no_auditado,,
2019,Tierra del Fuego,no_auditado,,
2019,Tucumán,no_auditado,,
2019,Parques Nacionales,no_auditado,,
2020,Buenos Aires,no_auditado,,
2020,Catamarca,no_auditado,,
2020,Chaco,no_auditado,,
2020,Chubut,no_auditado,,
2020,Ciudad Autónoma de Buenos Aires,no_auditado,,
2020,Córdoba,no_auditado,,
2020,Corrientes,no_auditado,,
2020,Entre Ríos,no_auditado,,
2020,Formosa,no_auditado,,
2020,Jujuy,no_auditado,,
2020,La Pampa,no_auditado,,
2020,La Rioja,no_auditado,,
2020,Mendoza,no_auditado,,
2020,Misiones,no_auditado,,
2020,Neuquén,no_auditado,,
2020,Río Negro,no_auditado,,
2020,Salta,no_auditado,,
2020,San Juan,no_auditado,,
2020,San Luis,no_auditado,,
2020,Santa Cruz,no_auditado,,
2020,Santa Fe,no_auditado,,
2020,Santiago del Estero,no_auditado,,
2020,Tierra del Fuego,no_auditado,,
2020,Tucumán,no_auditado,,
2020,Parques Nacionales,no_auditado,,
2021,Buenos Aires,no_auditado,,
2021,Catamarca,no_auditado,,
2021,Chaco,no_auditado,,
2021,Chubut,no_auditado,,
2021,Ciudad Autónoma de Buenos Aires,no_auditado,,
2021,Córdoba,no_auditado,,
2021,Corrientes,no_auditado,,
2021,Entre Ríos,no_auditado,,
2021,Formosa,no_auditado,,
2021,Jujuy,no_auditado,,
2021,La Pampa,no_auditado,,
2021,La Rioja,no_auditado,,
2021,Mendoza,no_auditado,,
2021,Misiones,no_auditado,,
2021,Neuquén,no_auditado,,
2021,Río Negro,no_auditado,,
2021,Salta,no_auditado,,
2021,San Juan,no_auditado,,
2021,San Luis,no_auditado,,
2021,Santa Cruz,no_auditado,,
2021,Santa Fe,no_auditado,,
2021,Santiago del Estero,no_auditado,,
2021,Tierra del Fuego,no_auditado,,
2021,Tucumán,no_auditado,,
2021,Parques Nacionales,no_auditado,,
2022,Buenos Aires,no_auditado,,
2022,Catamarca,no_auditado,,
2022,Chaco,no_auditado,,
2022,Chubut,no_auditado,,
2022,Ciudad Autónoma de Buenos Aires,no_auditado,,
2022,Córdoba,no_auditado,,
2022,Corrientes,no_auditado,,
2022,Entre Ríos,no_auditado,,
2022,Formosa,no_auditado,,
2022,Jujuy,no_auditado,,
2022,La Pampa,no_auditado,,
2022,La Rioja,no_auditado,,
2022,Mendoza,no_auditado,,
2022,Misiones,no_auditado,,
2022,Neuquén,no_auditado,,
2022,Río Negro,no_auditado,,
2022,Salta,no_auditado,,
2022,San Juan,no_auditado,,
2022,San Luis,no_auditado,,
2022,Santa Cruz,no_auditado,,
2022,Santa Fe,no_auditado,,
2022,Santiago del Estero,no_auditado,,
2022,Tierra del Fuego,no_auditado,,
2022,Tucumán,no_auditado,,
2022,Parques Nacionales,no_auditado,,
2023,Buenos Aires,no_auditado,,
2023,Catamarca,no_auditado,,
2023,Chaco,no_auditado,,
2023,Chubut,no_auditado,,
2023,Ciudad Autónoma de Buenos Aires,no_auditado,,
2023,Córdoba,no_auditado,,
2023,Corrientes,no_auditado,,
2023,Entre Ríos,no_auditado,,
2023,Formosa,no_auditado,,
2023,Jujuy,no_auditado,,
2023,La Pampa,no_auditado,,
2023,La Rioja,no_auditado,,
2023,Mendoza,no_auditado,,
2023,Misiones,no_auditado,,
2023,Neuquén,no_auditado,,
2023,Río Negro,no_auditado,,
2023,Salta,no_auditado,,
2023,San Juan,no_auditado,,
2023,San Luis,no_auditado,,
2023,Santa Cruz,no_auditado,,
2023,Santa Fe,no_auditado,,
2023,Santiago del Estero,no_auditado,,
2023,Tierra del Fuego,no_auditado,,
2023,Tucumán,no_auditado,,
2023,Parques Nacionales,no_auditado,,
2024,Buenos Aires,sin_informacion,,
2024,Catamarca,reportado,201,6835
2024,Chaco,reportado,516,54278
2024,Chubut,reportado,89,5460
2024,Ciudad Autónoma de Buenos Aires,sin_informacion,,
2024,Córdoba,reportado,582,103325
2024,Corrientes,sin_informacion,,
2024,Entre Ríos,reportado,75,21869
2024,Formosa,reportado,1028,7415
2024,Jujuy,reportado,436,1327
2024,La Pampa,reportado,103,48281
2024,La Rioja,reportado,1,150
2024,Mendoza,reportado,82,11491
2024,Misiones,reportado,26,291
2024,Neuquén,reportado,6,64
2024,Río Negro,reportado,571,5362
2024,Salta,reportado,527,21661
2024,San Juan,reportado,485,581
2024,San Luis,reportado,60,59845
2024,Santa Cruz,reportado,4,1
2024,Santa Fe,sin_informacion,,
2024,Santiago del Estero,sin_informacion,,
2024,Tierra del Fuego,reportado,2,1
2024,Tucumán,reportado,277,3255
2024,Parques Nacionales,reportado,104,40784
