department,department_fire_records,affected_ha
Punilla,13,21188
Calamuchita,11,19719
Totoral,12,10689
Pocho,6,6986
Río Cuarto,59,6675
Colón,28,6371
Ischilín,11,6075
Santa María,22,5274
San Justo,97,3438
General Roca,43,2973
Presidente Roque Sáenz Peña,37,1919
Capital,78,1818
Marcos Juárez,49,1771
San Alberto,11,1728
San Javier,4,1349
Minas,3,1346
Juárez Celman,17,876
Tulumba,4,714
Unión,29,512
General San Martín,15,506
Tercero Arriba,14,355
Río Primero,13,317
Cruz del Eje,16,305
Sobremonte,1,170
Río Segundo,10,159
Río Seco,3,94
